"Symbol","2024-11-25","2024-11-26","2024-11-28","2024-11-29","2024-12-02","2024-12-03","2024-12-04","2024-12-05","2024-12-06","2024-12-09","2024-12-10","2024-12-11","2024-12-12","2024-12-13","2024-12-16","2024-12-17","2024-12-18","2024-12-19","2024-12-20","2024-12-23","2024-12-24","2024-12-25","2024-12-26","2024-12-27","2024-12-30","2024-12-31","2025-01-02","2025-01-03","2025-01-06","2025-01-07","2025-01-08","2025-01-09","2025-01-12","2025-01-13","2025-01-14","2025-01-15","2025-01-16","2025-01-17","2025-01-20","2025-01-21","2025-01-22","2025-01-23","2025-01-27","2025-01-28","2025-01-29","2025-01-30","2025-01-31","2025-02-03","2025-02-04","2025-02-05","2025-02-06","2025-02-07","2025-02-10","2025-02-11","2025-02-12","2025-02-13","2025-02-14","2025-02-17","2025-02-18","2025-02-19","2025-02-20","2025-02-21","2025-02-24","2025-02-25","2025-02-27","2025-02-28"
"AAPL",233.26,234.25,234.93,237.33,238.8677,240.4681,243.42,243.34,243.78,245.24,247.16,249.2699,246.56,248.29,248.6,252.05,253.5,249.58,249.46,254.95,256.73,256.73,258.73,256.65,251.255,252.27,246.915,243.063,244.585,244.642,241.02,242.7,236.85,230.31,234.9,237.53,234.9195,230.725,229.98,221.76,222.96,225.155,225.66,234.57,235.77,239.41,241.78,228.88,229.01,230.16,233.1899,232.69,229.13,229.94,232.66,236.29,244.37,244.6,244.857,245.075,244.9937,245.755,247.76,247.74,240.67,236.805
"ABNB",140.55,139.51,138.28,136.11,136.31,137.4,136.81,139.83,137.61,138.11,138.36,139.64,136.32,134.92,130.79,131.71,132.205,129.0,132.23,133.07,133.3,133.3,134.68,133.715,130.08,132.23,133.975,132.435,137.13,133.185,130.54,130.8,129.63,129.26,129.87,131.915,130.78,134.31,135.12,134.86,134.49,132.49,127.16,127.64,132.33,133.025,133.1,128.0524,130.41,128.95,132.4,137.35,134.76,136.075,136.22,140.41,161.725,161.42,160.0,156.8963,153.83,150.87,144.98,142.49,141.97,139.29
"ADBE",519.925,525.3,513.68,515.93,515.145,508.12,535.695,535.98,550.21,553.93,550.62,544.7,481.69,466.8,466.765,461.6456,452.46,443.09,439.44,448.2,443.92,443.92,447.7,447.08,440.55,445.71,449.75,428.7,432.575,433.33,418.195,419.58,405.92,406.62,406.39,422.281,424.6,430.505,429.99,434.47,436.315,434.26,439.61,436.875,440.7,444.36,440.45,433.85,439.985,439.38,437.86,440.03,449.44,455.81,460.78,461.28,459.54,460.16,456.2,458.36,456.01,449.765,443.67,445.77,440.9,436.96
"ADI",235.5,219.05,217.17,218.05,219.62,221.065,219.13,217.12,216.975,222.75,216.8917,219.04,216.43,216.93,215.97,215.8175,216.55,207.51,208.88,213.33,215.33,215.33,216.66,217.25,211.615,213.04,216.295,211.16,220.3,217.75,215.9525,220.44,212.37,209.4,212.11,218.395,212.981,218.43,219.16,222.45,225.39,223.22,218.09,209.063,210.95,210.095,212.895,203.77,206.12,205.28,209.11,207.325,204.68,206.42,202.92,206.185,212.885,214.61,216.63,225.05,244.2325,243.46,237.94,237.15,230.84,227.09
"ADP",305.62,307.97,306.92,306.93,305.395,304.72,302.805,301.74,304.03,297.3018,297.89,302.405,298.51,296.23,296.635,297.39,293.8,291.715,291.48,292.17,294.78,294.78,296.74,297.97,291.1,293.59,293.49,289.975,289.42,288.775,289.3,291.89,286.85,287.56,289.48,294.07,293.005,297.96,296.18,298.485,298.08,296.46,297.36,299.0775,309.475,304.93,302.43,303.61,304.02,305.03,308.7706,310.07,307.555,305.28,303.59,306.19,309.655,308.15,310.14,310.575,312.45,309.925,313.04,313.615,313.52,314.19
"ADSK",320.92,293.79,290.64,291.9,293.32,297.935,302.55,302.92,308.86,308.27,306.63,308.2125,306.99,308.15,305.71,302.99,302.47,293.01,296.13,296.41,298.65,298.65,300.61,298.19,291.92,297.49,297.23,292.71,295.115,294.51,294.115,296.37,284.96,285.75,285.38,295.8,289.9,293.07,291.45,295.03,299.96,299.88,299.235,305.615,307.21,308.965,314.97,303.89,307.19,305.28,310.21,309.47,302.26,301.77,295.155,300.315,303.565,302.72,293.3562,294.035,292.79,290.495,282.905,283.63,285.66,273.33
"AEP",98.2,99.33,99.89,99.86,98.27,98.2099,96.96,97.66,96.6235,96.42,94.17,94.285,93.61,92.38,92.46,92.49,91.6643,91.42,91.58,91.74,92.76,92.76,92.46,92.42,91.8125,92.3687,92.55,92.135,90.51,91.68,90.08,92.26,93.51,93.015,93.815,95.4,95.005,96.89,97.25,98.53,97.23,98.045,98.72,101.2594,100.2897,98.4,98.635,97.39,98.055,98.715,99.31,99.99,99.7,100.19,100.89,101.52,102.295,101.83,102.35,102.175,103.42,104.96,106.47,106.225,106.63,106.765
"AMAT",175.6,173.2,171.32,174.71,179.375,181.55,181.665,175.7559,172.33,174.11,170.825,173.15,168.68,170.37,170.825,169.51,173.435,162.0,161.83,166.2,167.98,167.98,167.18,166.21,162.51,163.7,166.015,167.175,179.86,179.5,176.555,176.99,171.65,170.375,170.93,178.0817,184.88,189.385,192.05,192.43,198.75,188.71,176.84,172.0,174.995,178.795,184.705,175.81,176.99,176.66,180.48,181.48,183.45,182.83,179.72,181.27,174.0,169.2,169.7,171.315,177.32,176.105,172.0016,167.49,166.86,158.24
"AMD",142.98,137.09,136.24,137.175,140.82,141.465,141.72,142.3388,142.0299,133.7,130.15,128.715,130.1872,129.75,125.065,123.67,125.37,119.59,120.29,124.83,125.93,125.93,125.89,124.1599,122.96,122.524,122.7901,122.795,129.56,129.13,122.3,121.84,116.04,115.24,115.63,118.8757,118.7403,121.23,121.46,122.2171,123.7,122.63,117.7695,113.23,116.3196,119.0404,118.2699,113.99,115.83,108.14,110.15,109.1916,109.13,110.9976,110.01,113.8265,114.17,113.1,114.06,113.72,114.44,115.21,109.28,106.96,103.54,100.02
"AMGN",260.0001,279.8,280.07,282.87,279.34,277.7,276.005,278.955,272.86,278.75,273.47,274.88,275.04,271.64,269.52,268.415,266.29,257.76,264.77,262.71,262.38,262.38,263.49,263.1466,258.97,260.59,262.89,259.9,260.01,263.14,260.755,264.21,262.23,264.23,267.11,271.335,267.965,272.93,272.11,272.9325,274.21,273.215,278.55,281.305,281.79,284.889,285.51,284.86,287.09,304.3,306.54,297.11,292.3224,290.36,293.16,295.67,293.265,291.16,289.945,294.21,296.52,298.44,310.82,318.0,310.5,307.76
"AMZN",202.14,208.1388,205.74,207.89,211.2593,211.36,218.68,218.23,224.6793,227.0,228.65,229.2687,228.66,229.54,229.385,228.27,231.1,223.41,222.61,225.02,228.24,228.24,227.69,222.8805,218.94,222.16,223.92,224.16,225.94,225.5133,222.54,222.13,218.94,218.365,220.29,222.885,223.39,223.835,225.94,228.07,233.98,233.165,229.45,236.99,237.27,236.91,239.0,235.26,239.82,237.01,238.1,232.88,231.17,232.65,229.86,228.5733,229.1459,228.68,227.82,224.9445,222.8073,221.1207,214.54,210.28,212.83,208.4
"ANSS",352.14,347.44,348.02,351.1,348.84,347.87,352.23,344.2,347.66,341.33,338.67,345.03,342.265,342.05,340.78,342.51,342.625,338.05,336.395,338.83,340.09,340.09,339.18,338.595,334.115,337.23,336.11,337.58,341.74,337.935,339.39,343.47,337.81,337.25,338.04,343.97,344.665,348.405,349.93,350.34,354.67,354.995,349.08,346.045,346.655,349.38,352.405,344.74,345.0,345.355,348.71,346.9,345.15,342.23,336.345,335.87,339.335,338.93,337.015,332.8821,342.655,338.2,334.21,333.095,332.52,330.35
"APP",318.7166,329.06,328.56,336.75,338.5413,359.5909,380.51,386.63,396.7101,334.69,352.16,323.075,331.515,329.22,342.45,327.9301,339.7,314.63,335.0,335.64,346.49,346.49,339.41,334.49,327.99,325.71,330.505,345.56,352.56,327.33,330.245,329.2,318.48,313.31,320.56,338.09,338.02,342.88,342.34,344.765,353.9614,358.1885,346.65,360.48,356.88,379.06,376.6,358.1791,381.38,375.5,372.2,384.16,378.085,378.2162,381.1052,507.21,474.405,510.13,508.56,491.605,453.45,442.0,408.07,389.6075,314.8088,314.3602
"ARM",140.4,134.25,133.37,134.29,138.495,141.095,143.055,139.19,140.99,140.24,140.36,140.19,147.0,156.25,145.97,138.05,145.0,133.4,132.57,124.82,130.37,130.37,131.53,128.49,125.85,125.6,128.15,133.44,146.03,141.77,144.86,145.2,140.49,136.87,139.51,145.545,145.05,148.74,149.26,147.67,177.76,164.745,151.73,148.28,148.7,152.29,157.7221,156.33,159.7,165.95,162.6599,165.0,159.265,162.8332,156.8575,155.2,157.8,159.54,156.72,157.305,148.785,150.79,141.08,136.2,136.04,130.215
"ASML",679.09,667.8,670.48,686.61,687.92,705.07,719.49,717.09,714.75,722.6,710.2,714.83,717.5,724.64,720.5,737.48,756.1,712.2228,706.1601,714.28,716.06,716.06,713.08,714.85,696.915,696.43,709.27,708.58,758.07,771.45,747.915,743.98,739.01,722.99,731.44,740.2,751.205,755.61,756.33,762.24,783.505,741.0154,686.32,674.02,722.48,735.54,749.9424,725.91,738.1,726.79,736.76,733.48,741.666,749.03,738.6,762.8,771.67,751.55,751.48,743.77,749.605,740.91,738.63,729.47,733.5,707.94
"AVGO",166.5,163.35,159.67,162.08,166.54,167.01,171.465,169.89,174.6525,179.63,175.7554,180.57,179.2925,218.9999,244.5272,237.29,234.87,221.2,224.7943,231.58,236.35,236.35,239.93,238.4,232.41,235.0,236.21,234.47,240.94,230.05,229.48,229.31,224.31,227.22,225.41,227.815,235.195,232.995,237.44,239.6,243.73,238.145,216.375,202.7,210.13,218.3,218.97,217.33,219.68,230.71,230.56,230.77,230.94,231.77,233.73,233.785,232.65,233.04,226.05,226.15,226.83,226.73,213.91,203.97,208.365,195.515
"AXON","","","","","","","","","","","","","","","","","","","",623.05,625.75,625.75,624.57,618.725,594.345,597.85,596.915,601.5,564.715,566.5,565.075,577.34,570.0,561.685,576.0,593.735,587.65,593.8,593.89,598.795,607.3,608.5,603.8,612.64,639.89,654.0,657.5,645.49,661.79,668.51,676.5,685.95,674.75,664.63,661.63,666.47,657.68,683.41,705.01,688.6,542.28,532.5249,501.71,491.845,530.68,519.79
"AZN",66.78,66.58,67.2,67.62,67.14,68.28,66.34,67.59,68.27,68.51,67.5123,67.55,67.33,66.355,67.01,66.72,66.14,64.41,64.675,65.89,65.98,65.98,66.48,66.13,65.58,65.81,66.2,66.33,66.9,67.185,66.075,66.58,67.01,66.14,64.59,65.4,65.9,67.195,66.6,67.845,67.99,68.42,69.96,69.97,70.25,70.56,70.685,69.9262,69.46,69.935,73.66,71.96,73.13,72.4,73.23,74.75,74.5,73.58,74.81,74.23,74.54,73.79,74.35,76.03,75.82,75.965
"BIIB",159.02,183.47,159.83,160.63,161.21,162.385,159.815,161.02,159.61,159.475,155.415,155.0,156.4778,151.73,149.93,153.615,149.875,146.6036,145.85,147.13,147.71,147.71,148.85,150.215,148.67,151.75,152.64,150.55,152.8625,155.64,150.401,150.75,148.82,147.08,147.32,145.065,140.265,141.75,140.55,141.015,141.87,141.19,147.485,147.0,146.29,146.43,145.9886,142.05,142.52,146.38,144.61,142.705,142.3,140.74,130.87,134.54,140.33,137.33,136.7178,137.5225,138.4832,139.94,141.5025,144.885,142.88,140.23
"BKNG",5115.0,5240.0,5223.15,5201.98,5208.0,5238.73,5188.84,5301.5,5307.775,5205.92,5165.98,5255.65,5301.07,5255.01,5206.505,5112.63,5132.36,4959.025,5003.82,5022.16,5063.74,5063.74,5096.11,5055.6857,4975.11,4998.56,4996.67,4891.935,4852.0034,4839.83,4815.0,4872.42,4739.55,4698.965,4795.03,4857.66,4818.05,4948.5,4926.8,4828.14,4689.29,4645.555,4707.54,4697.58,4692.86,4753.89,4810.515,4669.78,4687.36,4694.675,4780.315,5014.42,4954.57,4900.02,4889.68,5059.25,5066.0,5044.4,5088.64,5073.43,5031.865,5227.08,5032.0,5054.62,4995.0,4951.78
"BKR",43.77,43.53,43.61,43.95,43.68,43.44,43.11,42.78,41.85,42.01,41.18,41.465,42.39,42.26,41.965,41.4,41.67,40.03,39.86,39.88,40.04,40.04,40.46,41.01,40.47,41.19,41.67,41.74,43.35,43.135,43.12,43.44,43.26,44.45,44.54,45.65,45.685,47.19,46.54,46.095,46.67,46.095,44.4,43.408,43.885,43.69,47.03,46.691,46.96,48.06,47.84,46.98,47.11,47.1,46.71,46.245,46.63,46.4,46.515,46.848,46.56,46.235,45.11,44.69,44.06,43.67
"CCEP",78.1,77.94,77.63,77.58,76.905,76.59,78.16,78.1,78.06,79.74,78.35,79.485,79.105,78.455,79.19,77.5,77.11,75.165,74.97,75.45,75.82,75.82,76.19,76.6,75.88,76.745,77.335,76.41,76.63,76.53,75.16,75.91,73.71,73.98,74.17,75.91,75.065,77.105,77.07,77.805,77.4278,76.945,77.03,77.79,78.24,79.18,79.175,77.25,78.21,78.34,79.82,80.06,80.45,80.83,80.925,82.1,84.73,84.9,84.7106,86.46,86.745,86.92,88.125,87.41,86.0503,86.71
"CDNS",312.61,310.1,304.68,306.81,308.245,309.76,319.17,312.44,309.72,314.355,301.1,309.4,308.64,307.58,312.835,312.945,312.44,301.846,299.68,302.76,305.33,305.33,306.24,305.5,298.53,301.99,304.32,300.4136,313.14,302.86,304.655,302.73,299.0,297.435,291.91,302.49,299.85,303.64,305.6,306.48,320.39,319.335,304.325,291.205,294.5,295.39,299.875,291.89,296.57,296.77,304.1039,305.525,304.8931,301.76,295.17,295.46,294.115,295.19,295.84,273.0,272.515,266.965,253.695,251.455,250.77,249.065
"CDW",183.2,177.8,176.75,175.93,176.7,178.54,178.9,178.57,180.105,182.09,177.465,178.785,176.33,177.2,178.39,176.9,176.48,172.04,173.025,174.65,175.11,175.11,175.86,177.65,171.72,174.44,174.0725,171.275,178.39,182.77,177.73,181.34,183.14,179.63,181.46,188.11,185.58,188.115,188.73,191.08,193.26,193.01,194.02,192.14,194.15,197.96,198.95,196.15,199.92,213.76,199.945,196.93,192.38,191.995,189.25,188.155,190.87,189.39,188.56,191.39,192.88,190.66,186.71,184.795,180.2599,179.47
"CEG",246.0,266.5,253.39,256.56,252.795,249.56,254.4,256.58,252.985,237.765,236.56,233.585,247.25,240.905,242.5225,233.29,236.01,227.86,228.63,222.7,228.06,228.06,228.15,226.27,224.3,226.0232,228.49,252.815,257.25,256.1748,250.84,243.84,305.19,287.97,286.41,301.415,308.81,312.345,316.36,324.515,327.36,342.69,287.89,269.495,287.1212,302.0565,300.025,299.79,300.17,307.65,311.57,316.8,318.7,317.405,311.47,316.395,310.745,317.3,318.745,321.1,307.61,303.35,267.995,257.72,261.6879,244.855
"CHTR",389.0,392.39,389.81,396.965,395.88,397.06,401.0,399.47,404.045,382.2175,370.66,377.8,383.58,378.59,382.0,373.03,368.435,354.88,353.67,349.37,348.32,348.32,350.85,349.695,341.5,343.32,349.15,350.0,359.53,349.85,342.6,349.32,334.89,337.48,339.95,349.02,347.79,350.28,351.37,352.615,346.27,352.095,366.94,364.14,363.87,343.53,352.05,342.055,340.94,338.93,347.13,353.655,347.2,344.005,352.555,361.81,360.83,360.27,357.14,362.68,359.025,361.81,365.31,370.45,357.32,367.48
"CMCSA",43.34,42.64,42.56,43.19,42.745,43.166,42.535,42.6225,43.02,40.3601,39.145,39.54,40.165,39.8601,39.535,38.63,38.615,37.72,37.71,37.83,37.88,37.88,38.29,38.194,37.165,37.495,37.82,37.38,38.03,37.68,36.345,37.17,36.36,36.515,36.45,36.555,36.33,36.62,36.58,36.95,36.66,37.075,38.075,37.94,37.585,33.715,33.6,33.26,33.305,33.495,33.76,34.56,34.61,34.575,35.1145,35.1799,35.51,35.39,35.575,36.605,36.51,36.37,36.4081,36.67,35.39,35.99
"COST",964.42,973.345,961.55,971.88,967.1,972.11,981.6854,983.9499,994.93,983.5,993.22,1004.17,997.18,1003.15,991.375,985.9646,981.51,965.3601,952.8299,942.89,948.51,948.51,956.18,943.4,920.73,920.2,921.45,914.455,921.35,929.475,923.065,927.37,936.94,930.22,919.58,927.0,919.75,925.185,943.19,952.18,948.2,940.5126,934.82,961.28,958.18,985.0,982.19,983.645,1001.25,1024.9,1055.05,1051.16,1046.91,1057.575,1056.655,1068.3544,1069.9,1071.85,1061.74,1059.29,1036.06,1028.265,1032.3924,1044.0998,1038.49,1032.13
"CPRT",63.74,63.7,63.51,63.39,62.58,61.72,62.86,62.4,61.86,62.0481,61.57,61.75,62.77,61.635,61.285,60.98,60.82,58.76,58.51,57.92,58.56,58.56,58.9,58.785,57.33,57.86,57.79,56.22,57.12,56.83,56.4,56.78,55.64,55.43,55.95,57.23,56.47,56.76,56.9,57.24,57.755,57.255,57.51,57.7395,57.16,58.145,58.45,56.935,57.8,58.15,59.275,59.54,58.3908,58.48,58.46,59.25,59.71,59.39,59.47,59.56,59.395,56.97,56.75,56.75,55.75,55.085
"CRWD",364.73,355.38,347.59,345.97,341.135,350.68,355.7427,363.37,365.46,357.99,356.315,352.75,362.7,367.37,374.0,382.205,371.4,351.01,357.18,357.99,364.5,364.5,364.96,355.76,345.455,347.2425,348.6495,358.445,362.3,363.88,357.39,358.72,348.84,343.755,344.85,357.59,362.95,358.5,357.0,361.49,366.81,376.345,373.525,387.0,395.77,400.925,403.628,390.971,403.705,408.26,417.9,426.09,427.63,427.2087,429.53,439.13,446.2,451.74,451.23,449.07,422.78,424.28,388.76,378.24,389.005,382.63
"CSCO",58.94,59.59,59.29,59.21,59.585,59.348,59.6278,60.015,60.0101,59.5701,58.19,58.48,59.515,58.43,58.255,58.75,58.585,57.675,57.92,58.36,59.34,59.34,59.69,59.98,58.475,59.265,59.6201,58.56,59.395,59.04,58.44,59.2,58.74,58.6656,58.88,60.1001,59.985,60.56,60.23,61.305,61.415,61.505,60.0,59.15,60.06,60.86,60.895,59.78,61.15,61.59,62.4719,63.23,62.695,62.555,61.6845,63.37,63.74,64.87,65.38,64.51,64.57,64.6467,63.83,63.84,64.7,63.465
"CSGP",79.6,77.51,81.97,81.34,80.385,79.78,80.51,78.685,77.69,77.98,76.8,77.79,77.1732,76.61,75.03,74.52,73.695,70.58,70.125,71.25,72.22,72.22,72.65,72.51,71.13,72.07,72.16,71.13,72.76,71.92,70.57,71.34,69.87,69.75,69.19,73.25,72.335,73.4,73.85,74.4375,74.6,73.39,74.45,76.964,76.12,77.3006,77.135,76.46,76.92,77.12,77.875,78.22,76.87,76.93,73.2,72.96,74.12,74.06,74.22,76.575,78.525,78.11,76.73,77.625,76.235,74.59
"CSX",36.54,36.69,36.58,36.55,36.055,35.905,35.625,34.98,34.665,34.515,33.825,33.82,33.725,33.48,33.145,32.895,32.8,31.895,31.545,31.91,32.28,32.28,32.52,32.635,31.97,32.29,32.305,32.155,32.295,32.16,31.89,32.2,31.78,31.71,32.065,32.545,32.3,32.7747,32.73,33.0,33.2,33.77,33.125,33.47,33.055,33.01,33.1,32.1,32.55,32.955,32.8532,32.67,33.075,33.06,32.85,32.925,33.45,33.37,33.37,33.385,32.5104,32.005,32.3,32.065,32.185,31.95
"CTAS",224.98,226.47,224.05,225.79,223.43,221.27,222.415,223.65,224.48,213.745,209.05,210.64,210.57,211.69,212.705,210.73,209.76,186.31,184.59,187.0,187.12,187.12,186.71,184.74,181.15,183.79,183.79,183.3069,186.245,192.47,189.27,192.65,189.3,189.685,190.475,195.07,197.38,198.34,198.31,202.29,201.11,198.28,196.77,202.264,200.7,201.9441,200.89,199.065,200.148,199.86,202.07,205.415,202.235,202.99,203.21,206.6,205.62,204.22,202.63,205.475,206.195,205.22,204.8,205.4,205.865,205.09
"CTSH",80.5,81.1,80.75,80.49,80.02,80.33,80.37,80.67,81.18,81.43,80.01,81.53,80.615,79.89,80.595,82.3,80.99,79.31,79.33,79.07,79.24,79.24,79.28,80.03,76.515,77.25,77.44,75.77,76.475,76.75,75.03,76.02,75.32,75.7,76.965,78.06,76.47,77.52,77.81,77.91,78.445,78.69,80.46,80.524,80.935,82.515,83.26,81.51,83.33,82.87,85.94,86.5,86.98,87.05,87.2,88.18,89.54,90.7,88.65,87.78,87.52,85.565,84.93,84.12,84.38,82.84
"DASH",180.5,179.38,178.44,180.48,178.735,175.9586,177.3,178.98,177.945,174.77,178.805,174.55,176.845,174.555,177.98,179.8652,173.46,166.6263,168.86,170.27,170.56,170.56,170.89,168.08,166.615,168.54,170.12,173.13,174.24,172.4,172.88,173.72,170.12,169.0214,169.895,172.4,171.1,173.085,174.48,175.04,179.2584,176.9,180.68,180.845,184.77,188.815,189.0,188.74,193.905,192.865,196.51,198.15,194.61,190.58,198.91,200.53,208.25,213.38,211.845,209.695,203.56,204.17,196.87,192.84,197.275,195.58
"DDOG",156.25,153.58,151.96,152.75,151.595,156.355,163.42,164.6,167.785,159.9706,159.77,154.375,155.73,155.39,155.88,157.04,157.25,146.68,147.8,148.7,147.68,147.68,147.26,145.23,142.895,144.275,144.37,145.6165,146.29,143.74,140.31,141.88,140.42,138.965,138.3,143.4,135.175,139.3775,138.4,138.79,139.86,141.95,142.605,148.54,144.4,139.725,145.01,142.46,144.51,141.1,145.86,145.0,144.825,146.51,146.82,132.32,131.621,131.01,129.77,128.96,125.54,123.36,115.58,115.74,113.92,114.1
"DXCM",79.2788,77.98,78.1,77.99,79.515,78.82,81.57,80.44,77.96,78.82,79.92,80.18,80.3,77.68,75.55,77.17,77.025,75.305,79.59,79.26,78.64,78.64,79.71,80.34,77.89,77.755,78.21,78.93,81.66,80.27,79.33,80.09,77.76,78.78,78.53,81.87,83.805,84.63,84.38,86.07,87.075,87.41,87.52,87.45,87.235,88.23,87.61,87.51,87.03,87.52,89.375,88.365,86.17,87.8975,84.58,83.995,88.1,89.07,91.85,91.16,88.8525,88.155,89.17,90.56,88.79,87.345
"EA",165.0,164.96,163.1,163.67,163.93,166.24,167.29,166.455,166.7,167.06,165.51,162.45,164.525,159.96,156.33,155.555,152.27,149.545,148.22,146.69,148.08,148.08,148.78,148.73,145.325,146.38,147.06,145.72,145.03,146.63,143.615,144.2,140.85,140.9,141.35,142.665,141.665,142.32,142.0,141.5,143.01,117.78,118.395,115.7,116.18,117.36,123.0452,121.47,122.6025,127.74,130.17,128.92,131.365,134.125,133.49,131.36,130.03,129.4,129.88,129.93,129.95,130.505,132.46,132.94,131.36,130.175
"EXC",39.26,39.49,39.51,39.56,38.73,38.56,37.94,38.085,37.8001,37.845,37.12,37.145,36.985,36.73,36.78,36.28,36.58,37.1,36.8148,36.83,37.32,37.32,37.49,37.495,37.15,37.755,37.85,37.89,37.8506,38.34,37.26,38.19,37.3,37.26,37.52,38.445,38.43,39.36,39.42,40.1,39.805,39.24,40.3,40.24,40.02,40.1,39.975,39.925,40.32,40.745,41.1525,41.3,41.39,41.61,42.155,43.06,43.13,42.85,42.65,42.675,42.88,43.26,43.69,43.86,44.28,44.305
"FANG",180.25,176.6,176.19,177.59,175.565,175.627,172.6,173.795,167.642,168.56,166.725,164.185,163.67,161.51,161.355,157.265,159.91,155.71,154.24,154.28,155.96,155.96,157.82,159.29,158.995,162.69,167.455,167.93,173.94,170.06,172.31,170.99,174.77,178.72,177.55,178.8575,179.52,178.83,180.18,178.615,175.965,179.65,172.32,172.192,169.7,171.625,164.88,162.405,164.58,162.76,164.15,160.285,160.742,163.735,160.38,155.745,158.6388,156.99,156.28,161.38,160.8872,159.16,156.13,159.88,153.415,156.24
"FAST",83.91,84.1,83.71,83.56,83.14,82.75,82.66,82.46,81.52,80.185,79.63,79.42,79.07,78.55,78.505,78.05,77.26,74.3,73.94,74.1,74.34,74.34,74.71,73.72,71.57,72.42,72.18,70.77,72.22,72.37,71.89,72.94,71.63,72.525,73.73,75.04,74.24,73.55,76.08,76.94,76.17,75.73,75.64,75.42,74.76,74.895,73.28,72.67,72.985,72.5,73.65,74.78,74.03,73.9101,73.32,74.1,74.965,74.78,74.445,74.84,75.61,74.45,75.15,74.91,74.07,75.155
"FTNT",93.77,96.3,94.06,95.05,96.88,95.41,97.21,99.2,99.36,97.5806,97.3,97.73,97.68,98.0886,97.94,97.95,96.26,94.675,95.66,96.12,96.53,96.53,97.23,95.59,94.56,94.87,95.83,96.6,99.045,96.36,94.32,96.04,94.56,93.61,91.165,93.72,93.68,94.38,94.23,95.35,97.02,96.37,96.92,97.47,98.7799,101.28,102.34,99.855,102.39,102.61,104.73,103.665,108.83,108.66,105.65,108.55,109.68,111.64,114.5675,112.32,111.25,113.845,108.49,107.58,109.31,107.265
"GEHC",82.7,82.51,83.0,83.22,82.63,82.98,83.05,83.12,80.925,81.8299,81.915,82.655,81.16,80.815,81.43,80.06,80.25,77.37,77.42,78.33,79.11,79.11,79.56,79.86,77.95,78.57,78.69,79.09,82.34,82.85,85.96,86.26,84.76,84.345,85.27,86.095,83.46,85.2,84.74,86.255,87.295,87.395,88.27,88.321,87.78,89.055,88.915,86.52,87.488,86.76,90.4,89.075,88.06,87.32,85.745,91.54,91.555,92.21,92.3,92.47,92.68,91.47,90.62,91.235,91.69,88.47
"GFS",45.42,44.66,42.85,43.25,44.1499,44.46,44.89,44.375,45.025,46.22,44.29,44.1,43.65,44.19,43.76,44.285,44.57,41.41,41.54,44.65,44.03,44.03,44.28,44.19,42.65,43.4,44.07,42.56,44.71,43.88,42.33,41.62,40.96,40.1,40.63,41.9977,41.33,42.83,43.1,42.715,43.1,41.595,41.445,41.19,41.83,41.1,41.7,41.33,40.98,40.21,39.9,38.09,38.65,39.885,41.44,44.245,43.395,43.16,44.44,45.28,46.48,43.83,42.06,41.64,40.48,38.52
"GILD",90.25,91.35,92.41,92.58,93.0,93.88,90.475,93.24,92.925,91.25,90.86,93.3825,92.15,90.31,92.38,92.825,92.5783,90.43,92.13,92.08,92.81,92.81,93.74,94.19,92.12,92.605,92.22,91.765,91.07,91.005,89.82,89.14,89.88,89.44,90.15,91.87,92.425,92.2581,91.84,93.315,92.16,92.745,95.055,95.394,94.91,96.1999,97.4,97.48,98.08,99.07,98.94,97.83,95.28,95.44,103.435,105.63,106.28,104.08,105.635,106.43,108.605,110.352,111.83,111.09,111.71,112.59
"GOOG",169.68,170.84,170.82,170.49,172.74,172.88,174.12,176.355,175.9085,176.3574,186.2,194.52,195.66,193.63,196.05,201.4731,197.18,190.9299,189.74,193.64,196.71,196.71,196.49,194.5,191.19,192.8745,192.15,192.84,196.8,201.13,196.41,195.39,193.17,190.72,192.08,194.68,195.55,195.61,197.55,200.94,201.56,200.19,195.94,194.02,195.66,202.49,206.23,203.6,206.06,191.37,191.26,190.5,188.41,187.3,186.03,185.615,187.4625,186.87,185.6874,186.465,185.19,186.4588,182.48,179.165,172.05,170.36
"GOOGL",167.81,169.29,169.23,168.95,171.11,171.2601,172.53,174.66,174.165,174.55,184.66,192.98,194.2337,192.0,194.4912,199.9007,195.56,189.445,188.4606,192.17,195.33,195.33,194.95,193.15,189.93,191.63,190.97,191.48,195.43,199.99,195.15,193.95,192.04,189.3285,190.75,193.135,194.01,194.04,196.0,199.32,199.94,198.37,194.1012,192.31,193.8339,200.67,204.53,202.17,204.43,189.27,189.48,188.96,186.665,185.495,184.265,183.86,185.75,185.23,183.85,184.53,183.33,184.41,180.65,177.18,170.0469,168.67
"HON",231.26,230.4,229.64,232.93,230.56,224.0,227.55,227.53,226.79,225.69,226.01,230.53,229.745,228.38,232.37,237.825,232.73,227.38,226.99,226.48,227.37,227.37,229.7,231.3001,225.79,227.06,227.27,226.19,226.4575,221.78,219.39,220.17,218.19,219.14,214.91,219.24,221.18,223.515,222.58,225.725,223.46,223.92,223.54,222.6095,222.315,223.56,224.91,219.89,223.9,220.71,212.06,211.04,206.21,208.1514,205.81,205.2,204.76,202.75,204.08,210.805,209.81,209.93,214.62,212.08,213.69,212.475
"IDXX",429.25,417.32,421.76,421.75,426.12,432.82,426.935,432.72,432.21,450.195,442.88,449.815,434.375,433.045,433.7,435.38,425.105,410.655,411.07,410.53,412.3,412.3,412.92,417.215,407.0,416.42,417.1,407.6,423.835,434.8,428.655,432.36,418.05,417.52,419.725,428.945,416.34,422.5225,419.26,423.235,428.17,428.57,435.34,416.5,409.25,430.59,423.32,473.155,460.17,464.6,468.75,466.35,460.385,467.055,454.575,454.19,454.49,444.53,446.36,446.795,454.28,458.0,454.955,459.6625,458.57,429.9
"ILMN",143.95,142.95,144.36,144.15,143.023,142.575,140.05,141.88,141.53,148.51,149.405,147.085,145.69,142.135,147.45,143.685,140.25,131.915,135.2582,"","","","","","","","","","","","","","","","","","","","","","","","","","","","","","","","","","","","","","","","","","","","","","",""
"INTC",25.1,23.89,23.65,24.05,24.84,23.085,22.15,21.425,20.925,21.02,20.38,20.025,20.225,20.69,20.28,20.5503,20.38,19.225,19.415,19.88,20.06,20.06,20.51,20.45,19.8401,20.205,20.3691,20.165,20.885,20.09,19.995,19.88,19.15,18.85,19.0483,19.31,19.45,21.225,21.49,21.9615,21.815,21.63,20.765,19.905,19.935,19.535,19.885,19.025,19.335,19.16,19.575,19.175,19.7888,20.665,21.7007,24.475,23.96,23.6,25.47,25.71,24.5106,26.18,24.27,23.4158,23.46,23.42
"INTU",636.0,638.83,636.17,641.73,638.515,633.005,643.02,642.1273,652.91,645.3,656.525,654.98,672.1113,664.66,659.87,671.49,670.35,648.605,636.66,639.79,638.69,638.69,643.07,641.46,624.78,630.395,634.665,627.51,629.77,626.08,616.02,626.05,623.43,617.445,617.295,624.76,615.33,605.56,604.13,605.655,615.18,603.54,604.535,609.35,592.0,602.7341,605.935,588.61,601.61,584.8029,594.0,593.375,579.83,582.645,575.51,584.38,585.445,587.38,583.18,580.59,578.81,575.4,567.58,560.485,616.48,600.925
"ISRG",547.0,542.95,538.55,542.0,542.505,535.81,549.295,550.46,554.045,537.97,540.21,545.53,546.72,543.73,543.795,542.35,546.71,530.93,523.32,521.77,530.0,530.0,535.69,535.06,522.12,526.69,525.645,526.96,538.13,544.42,536.68,544.02,547.47,539.99,539.24,571.13,574.09,585.64,592.64,598.92,609.3,610.45,573.06,569.81,573.18,582.86,584.98,569.2,577.885,587.0,591.965,590.3825,591.74,590.0824,584.485,585.985,592.08,595.55,595.66,598.87,603.495,602.702,596.6743,567.18,577.41,560.7
"KDP",32.86,32.65,32.58,32.65,32.255,32.3567,32.205,32.49,32.965,33.55,33.17,33.6009,33.715,33.57,33.645,33.24,32.92,32.44,32.08,32.06,32.19,32.19,32.4,32.4,31.785,32.065,32.17,31.35,31.48,31.07,30.44,31.12,30.38,30.265,30.865,30.94,30.94,31.655,31.62,31.64,31.545,31.165,31.47,31.749,31.535,31.99,32.09,32.26,32.23,31.305,31.1768,31.07,30.865,31.1,31.51,31.895,32.01,31.65,31.73,32.73,32.84,33.38,34.11,35.62,33.051,33.975
"KHC",32.09,31.97,31.93,31.97,31.51,31.57,31.035,30.935,30.94,32.295,31.46,31.545,31.415,31.375,31.4,31.17,30.4399,30.2801,30.105,30.35,30.38,30.38,30.64,30.73,30.335,30.655,30.839,30.53,30.745,30.12,29.2799,29.66,28.51,28.7748,28.78,28.735,28.635,29.29,29.27,29.59,29.28,29.06,30.31,30.12,29.69,29.735,29.995,29.18,28.955,28.4982,28.795,29.05,28.9482,28.985,28.305,28.5,29.38,28.92,28.8531,29.365,30.0219,30.34,31.38,31.72,30.595,30.945
"KLAC",646.51,631.47,632.14,647.03,652.6701,663.4,661.345,651.995,648.38,663.43,651.77,656.85,643.935,659.14,656.31,656.875,662.09,628.29,625.965,637.97,648.29,648.29,646.26,645.07,627.41,634.07,645.9,648.785,690.99,700.985,686.455,686.2,683.06,677.58,691.31,722.85,743.74,748.61,757.47,759.83,784.515,750.1705,715.19,696.74,715.33,727.6,763.825,734.47,745.375,744.265,757.06,756.12,756.8,756.94,744.63,754.465,762.28,750.74,743.96,761.54,784.745,779.405,747.33,732.18,733.21,700.935
"LIN",456.16,456.6,457.12,460.99,458.0,457.9059,456.83,452.52,449.665,449.155,440.94,444.57,441.57,435.5775,434.41,428.95,430.09,421.7999,419.71,421.56,421.34,421.34,425.7,425.8,417.53,419.23,420.185,415.1,417.585,415.9,417.528,420.01,414.15,417.665,422.2,431.35,429.02,434.88,436.0,442.47,444.51,441.925,437.32,438.915,436.64,446.62,445.25,441.1976,456.1,454.13,455.845,456.545,455.3475,460.815,456.72,459.91,462.18,457.0,455.37,464.75,461.36,463.49,461.0,466.68,467.99,464.45
"LRCX",74.3,72.69,71.57,73.88,76.9842,77.77,77.715,75.935,75.75,77.98,76.73,77.5,76.54,76.69,77.055,78.18,78.485,70.315,71.52,73.26,73.61,73.61,73.56,73.45,71.455,72.2,73.54,74.215,79.69,79.04,77.05,77.04,74.65,73.665,74.005,76.645,79.02,79.68,80.3,80.84,84.08,79.82,76.04,74.72,75.28,79.0,83.02,79.58,79.44,79.29,81.89,82.89,84.3,84.3,80.845,81.8,82.81,82.75,84.27,85.99,91.125,89.8244,85.15,82.91,80.275,77.09
"LULU",326.72,320.276,319.52,320.66,328.73,333.57,338.815,341.94,402.48,416.81,398.395,401.95,393.415,389.37,395.11,388.43,383.2201,371.33,377.135,383.39,384.01,384.01,388.0,385.535,378.665,382.48,384.0,375.87,390.54,408.74,389.17,392.92,395.47,401.3,390.49,386.39,369.97,375.34,373.7,367.62,375.475,384.47,398.475,409.08,408.52,421.19,419.96,402.765,414.17,413.88,413.61,411.526,397.47,399.99,394.955,391.57,386.535,366.68,361.16,369.803,361.45,364.56,361.805,364.14,359.89,362.43
"MAR",287.99,288.25,285.6,289.09,287.85,284.79,285.38,293.4375,293.6,289.63,286.6,291.31,293.27,288.8,290.1,290.9911,291.23,278.335,281.32,281.74,283.75,283.75,285.64,285.19,277.88,280.52,279.55,272.43,274.52,271.79,270.7,273.53,270.76,270.9,274.0675,282.2,275.32,278.46,277.18,275.635,279.46,278.795,285.66,288.0,289.045,293.015,291.96,283.85,290.1,290.155,298.33,305.58,303.51,290.49,286.9,290.65,286.995,283.52,282.99,285.34,284.39,286.425,275.68,273.68,281.07,281.13
"MCHP",71.27,68.41,67.87,68.17,69.055,67.725,64.14,60.69,58.935,62.0,61.035,62.545,61.56,60.85,59.085,58.96,59.07,56.94,56.07,57.52,57.64,57.64,58.34,58.3499,56.995,57.58,57.475,56.41,59.06,58.75,56.83,56.38,55.19,55.08,55.5,57.85,55.635,57.47,57.97,57.86,59.02,57.665,57.39,56.09,56.5003,54.61,55.21,51.73,52.55,52.085,53.58,51.02,52.135,52.46,53.06,53.87,55.35,55.76,56.75,58.33,63.73,63.7527,60.99,61.35,58.91,58.02
"MDB",342.22,334.31,324.6,322.49,328.41,326.98,341.605,340.5562,343.96,355.0,312.52,296.975,287.705,280.395,267.3164,263.98,261.49,245.81,245.11,242.56,242.88,242.88,242.4,242.425,230.26,234.15,242.5602,245.41,256.42,254.795,243.86,248.68,245.22,240.7725,244.445,247.9871,242.71,251.575,253.11,258.16,260.905,254.99,267.097,273.845,274.397,264.025,277.49,264.33,269.785,275.9,280.385,281.97,282.66,288.89,285.315,285.0,286.915,289.63,293.03,290.82,278.68,282.695,262.095,259.37,270.03,261.0279
"MDLZ",64.8,64.88,65.06,64.95,64.64,64.872,63.175,62.96,63.475,62.38,60.66,63.75,62.825,62.03,61.79,61.96,60.915,59.99,59.36,59.2,59.52,59.52,60.05,60.17,59.59,59.79,59.77,59.59,59.21,58.735,57.79,58.29,56.25,56.275,56.44,57.37,56.365,58.32,57.86,57.95,57.43,56.36,58.5,58.27,57.18,57.34,58.07,57.04,56.745,55.62,57.9391,58.28,58.15,58.66,60.01,60.83,61.92,60.82,60.7,61.325,62.14,62.86,64.82,65.75,63.91,64.355
"MELI",2098.27,2109.95,2044.76,1985.17,1972.6,1945.905,1966.2,1995.85,1985.345,1921.01,1859.995,1887.9462,1908.235,1831.655,1820.385,1799.9175,1816.6,1672.47,1680.03,1738.99,1723.89,1723.89,1737.78,1732.39,1705.59,1726.5,1738.65,1806.21,1821.205,1788.97,1752.28,1739.0,1758.77,1740.0,1759.01,1800.195,1820.56,1861.52,1836.0,1835.49,1834.695,1798.01,1818.0,1845.17,1875.0,1946.41,1952.44,1846.45,1928.75,1951.7,2001.75,2014.23,2011.509,2047.92,2021.41,2022.55,2065.015,2109.99,2075.05,2080.295,2048.53,2252.55,2288.61,2216.06,2140.04,2101.985
"META",568.34,573.2,569.2,574.32,584.83,595.4099,614.4719,612.69,621.3,614.13,623.685,634.08,633.0,629.645,622.4856,624.66,624.75,603.5541,596.6399,592.97,603.98,603.98,601.65,595.84,587.15,592.735,597.915,603.02,609.0939,621.74,613.415,610.72,615.86,604.45,598.0,612.88,610.89,614.5,612.77,614.37,624.4,626.75,637.88,669.47,669.01,707.36,703.32,693.415,696.61,713.72,709.0,721.52,715.775,714.61,719.055,722.84,732.34,736.67,724.01,701.475,698.44,699.87,672.915,658.94,663.86,655.25
"MNST",55.2,54.81,55.14,55.13,55.41,54.55,53.9069,53.6,52.8,53.4,52.72,53.235,52.56,52.415,53.24,52.28,52.2049,50.76,50.93,51.51,52.1,52.1,52.4,52.735,52.03,52.69,53.0755,52.235,52.24,52.29,50.965,51.6,49.74,49.58,50.055,50.19,49.0,49.64,49.42,49.57,49.96,48.53,49.64,48.855,48.58,49.12,49.23,47.53,47.59,46.18,46.335,46.49,47.3242,47.685,47.5,48.69,49.9712,49.25,50.29,51.61,51.545,51.94,52.875,53.01,51.69,54.995
"MRNA",43.4983,42.45,43.39,43.06,42.705,43.21,42.12,42.16,45.91,47.05,43.63,42.08,41.94,41.91,43.46,42.85,40.15,38.1431,39.91,"","","","","","","","","","","","","","","","","","","","","","","","","","","","","","","","","","","","","","","","","","","","","","",""
"MRVL",93.2,93.14,90.1,92.69,96.34,97.54,115.605,113.525,113.685,108.387,108.26,110.01,109.75,120.23,122.11,114.94,111.27,106.91,110.85,113.64,114.49,114.49,114.92,113.435,110.385,111.59,114.485,117.555,122.99,117.5,117.1237,118.23,114.32,114.94,114.46,118.0815,116.82,119.965,124.76,123.95,125.64,124.3685,107.84,102.86,104.05,111.13,113.21,110.75,108.815,113.16,116.8,116.2201,112.18,111.115,107.77,105.935,102.05,106.51,105.585,110.2308,107.52,108.75,101.135,93.085,92.0,88.81
"MSFT",420.16,426.055,422.99,423.46,426.2835,429.84,436.425,437.23,443.52,445.17,449.12,445.99,452.03,450.1614,446.805,450.64,450.965,440.27,434.25,436.1,436.03,436.03,438.19,430.215,422.6353,425.63,425.125,422.3,430.8,430.14,425.715,424.56,418.95,415.0162,416.845,423.87,426.505,428.995,429.03,426.59,441.23,443.785,429.5901,435.27,441.38,421.565,418.93,411.67,411.34,411.18,417.48,417.14,412.31,410.725,408.39,407.63,406.41,408.43,410.34,409.335,414.43,415.105,401.44,401.315,399.97,390.32
"MSTR","","","","","","","","","","","","","","","","","","","",345.79,352.05,352.05,345.33,337.07,308.17,308.47,309.2129,309.3119,354.84,360.95,334.9949,331.7,327.91,318.02,340.51,361.0,348.89,389.0,396.5,377.965,382.46,386.26,350.495,344.26,336.8525,351.8,338.64,320.5803,349.1092,343.475,329.61,338.34,333.9016,335.365,321.9746,324.14,326.57,337.73,334.01,335.165,317.2806,325.075,286.96,259.175,254.08,243.68
"MU",104.1915,100.68,98.2,97.95,99.14,101.23,100.2521,103.02,101.59,104.05,102.52,101.22,100.5199,102.53,110.4091,108.955,110.935,85.44,86.75,89.95,89.0,89.0,88.58,88.642,85.04,85.47,86.43,88.735,98.74,104.74,99.65,99.41,99.34,94.38,95.59,102.2068,102.48,103.22,105.75,106.395,108.975,105.0,94.07,89.23,89.5,92.215,92.5495,89.66,90.0525,90.67,95.11,94.82,95.25,94.9874,90.9506,93.825,99.175,99.52,103.33,105.58,103.06,103.14,98.535,95.14,94.7908,91.79
"NFLX",867.27,875.55,877.34,886.81,899.73,891.55,908.49,914.9435,920.93,908.53,919.41,932.86,931.01,922.32,922.92,923.19,916.845,901.49,903.01,903.11,915.29,915.29,922.48,902.145,892.93,898.61,893.8592,890.07,882.02,881.555,880.31,875.0,837.69,842.88,838.2901,840.06,862.6,854.37,858.1,860.0,984.0,968.895,967.37,965.51,975.15,990.21,981.0,976.0673,1000.18,994.87,1006.38,1017.2,1019.24,1014.0,1007.235,1036.85,1044.25,1058.6,1047.745,1031.51,1022.4301,1027.61,991.9,978.4,978.39,966.225
"NVDA",138.095,135.16,135.34,138.25,139.8699,138.4671,141.9103,145.13,143.585,138.3507,140.67,137.59,136.77,138.88,132.43,127.5899,135.8763,130.1,132.38,137.16,141.59,141.59,138.99,136.7492,137.0903,136.92,137.11,143.95,149.5001,145.79,142.855,140.11,135.91,132.14,133.46,133.6,137.2601,136.698,137.71,139.18,146.205,145.335,126.875,119.805,125.2364,122.1568,124.7796,114.96,119.61,122.6,125.4996,129.71,133.88,133.31,131.7913,133.97,136.785,138.85,141.24,138.2888,137.4684,140.035,135.15,127.12,126.66,118.22
"NXPI",238.79,228.66,226.53,229.37,230.92,229.565,225.935,221.99,219.5,225.15,219.2,220.57,218.58,217.77,218.25,221.32,220.39,209.46,208.98,212.93,213.74,213.74,215.08,213.805,207.68,207.965,211.1,205.79,214.48,215.83,209.53,209.72,206.75,203.93,207.89,215.0,210.1,215.515,215.36,214.575,218.08,213.91,217.14,212.39,215.29,208.005,213.87,201.555,199.45,206.8,217.1875,214.54,211.65,212.68,217.77,219.06,222.815,224.14,230.0,232.53,249.695,244.065,236.24,234.57,223.71,218.97
"ODFL",223.8,225.97,224.11,225.14,225.71,221.135,215.2,209.88,205.065,204.76,202.0,204.8,203.015,202.25,199.135,198.14,199.245,190.26,177.79,180.24,180.62,180.62,180.8,181.9,175.39,177.47,179.8581,177.05,183.66,181.62,179.61,179.58,176.41,176.52,182.64,186.63,185.97,186.925,189.55,190.17,190.57,191.07,193.8925,192.97,189.1175,184.33,186.365,183.83,182.6,196.11,197.8,195.325,199.49,202.96,199.61,204.75,209.195,206.34,207.39,206.41,204.13,181.785,183.98,182.28,176.34,178.05
"ON",73.97,70.6,70.35,71.12,71.88,72.385,68.06,66.145,66.815,68.545,66.69,67.67,67.045,65.99,66.035,68.94,68.09,65.52,65.45,66.63,66.99,66.99,67.32,66.47,63.585,63.38,63.35,61.76,65.92,64.595,60.94,58.31,53.94,54.81,55.09,55.675,53.83,54.55,54.63,55.325,56.3,55.04,55.15,53.54,54.2205,51.95,53.06,50.01,50.65,50.43,52.18,52.0,49.01,48.44,48.155,50.145,51.07,51.83,52.24,52.28,57.025,54.945,53.28,53.7,49.17,47.7
"ORLY",1238.76,1249.06,1244.01,1243.22,1243.92,1241.805,1244.67,1242.6,1249.0001,1251.115,1265.72,1272.075,1261.9,1275.16,1274.845,1263.55,1249.205,1224.3863,1212.26,1202.79,1212.08,1212.08,1222.59,1209.28,1187.23,1187.0,1192.1,1186.54,1214.74,1214.8492,1197.915,1205.74,1197.6,1212.57,1213.775,1213.87,1203.215,1215.44,1216.79,1254.68,1240.535,1242.97,1266.875,1278.24,1278.22,1305.33,1304.49,1292.63,1318.76,1339.435,1321.845,1337.84,1313.395,1307.31,1320.32,1330.83,1326.82,1318.8,1305.81,1294.0,1296.75,1302.7,1309.68,1322.76,1343.47,1360.77
"PANW",387.6,395.9515,384.37,387.82,387.08,393.86,400.3874,405.66,405.94,393.0,395.33,392.41,402.805,399.02,198.43,200.71,194.8542,189.63,188.34,187.34,187.96,187.96,188.45,185.5199,182.72,183.689,184.0,182.44,180.57,175.225,168.43,172.83,173.42,168.29,168.07,174.47,173.82,178.53,177.11,184.37,184.72,186.29,190.12,190.58,187.2999,188.1641,188.32,180.9476,182.62,184.055,188.0558,196.225,196.54,196.505,194.205,197.54,190.5,200.03,204.88,205.1999,196.16,197.1225,189.85,187.88,189.77,188.66
"PAYX",145.31,146.19,145.71,146.27,145.18,144.89,144.15,142.72,143.56,141.265,140.92,142.35,139.985,140.87,141.005,141.24,140.135,139.58,137.42,138.97,140.09,140.09,141.35,142.915,138.72,140.57,140.5,138.375,137.875,139.72,138.795,140.25,139.06,139.51,140.115,144.72,144.4,147.45,146.29,146.535,146.15,145.24,147.18,148.432,148.0,149.665,148.175,146.66,147.99,149.35,151.28,149.91,147.07,146.12,144.99,147.105,148.82,147.25,148.39,148.06,149.91,148.605,149.73,151.35,150.05,150.08
"PCAR",116.66,115.82,116.18,117.0,116.1,117.44,117.37,117.535,116.295,115.9,113.765,116.35,112.89,112.71,112.44,112.68,111.74,107.545,104.7037,104.55,104.05,104.05,105.0,105.54,102.965,104.11,105.2,102.8,108.15,110.065,108.31,108.5,106.58,107.48,110.2,111.47,108.71,110.3725,110.33,110.69,110.45,109.845,108.98,107.6,110.715,112.3,112.46,108.83,108.76,106.1,107.45,107.87,106.79,105.84,103.35,103.86,105.76,105.96,105.045,106.275,106.1,104.43,105.82,107.36,106.4783,106.64
"PDD",100.98,101.49,98.8,96.56,96.96,98.94,97.3,98.41,100.42,111.21,105.96,100.64,103.585,101.06,101.04,100.23,103.03,100.47,99.81,99.49,99.7,99.7,99.17,97.02,95.245,97.185,97.21,96.68,101.59,98.915,99.97,100.32,94.68,96.08,98.935,99.85,99.99,105.33,105.57,105.2,102.37,101.83,109.02,110.555,111.45,113.04,113.95,107.37,110.94,112.08,110.59,114.67,117.08,114.545,118.42,119.0,124.64,124.16,126.81,125.74,128.2,130.255,120.4776,119.485,117.845,114.5
"PEP",163.2,162.16,162.72,163.45,162.065,162.37,159.71,160.04,159.541,161.15,158.42,159.5454,158.92,157.77,157.66,157.49,154.79,152.75,151.3188,151.18,151.21,151.21,152.99,153.03,151.41,152.1,152.49,149.87,148.82,147.79,145.18,146.54,142.64,142.675,144.37,145.29,144.232,147.79,148.25,149.43,148.725,147.065,152.22,153.48,150.7,151.25,151.175,149.215,147.09,143.67,145.8,144.7,143.77,143.85,143.98,144.0,145.58,143.39,142.05,145.115,147.235,149.235,155.06,157.19,151.865,154.31
"PLTR","","","","","","","","","","","","","","","","","","","",78.9,84.51,84.51,81.97,79.84,76.5501,76.901,75.21,76.9799,78.155,72.7603,68.1,68.23,67.26,64.99,66.5401,68.23,69.4,70.66,71.77,72.425,74.4478,77.8,76.14,76.08,78.57,80.76,84.15,79.65,106.1918,101.865,104.215,113.775,111.64,116.3798,115.0512,116.07,119.5,119.16,122.4399,122.865,97.3899,105.775,91.43,88.6208,87.5,80.85
"PYPL",87.85,87.287,86.57,86.77,86.575,85.23,85.29,88.73,89.45,90.51,89.6226,89.38,90.32,90.28,90.59,91.492,90.62,86.775,86.78,86.26,87.1,87.1,87.78,87.27,84.81,85.48,86.42,86.67,88.6,89.205,87.315,87.94,83.36,82.75,85.885,89.34,90.13,91.06,91.81,91.44,89.539,88.83,88.865,87.89,88.285,90.535,89.81,86.58,80.37,78.48,78.66,78.3901,78.535,76.91,76.27,76.64,76.847,77.97,78.09,77.885,77.34,76.49,74.84,73.94,71.55,70.43
"QCOM",160.0,156.4,156.4,158.53,161.7,163.0793,163.3458,162.91,160.02,162.85,159.69,159.421,157.7,158.97,154.81,158.4402,160.6001,151.01,151.04,156.97,158.17,158.17,158.17,157.035,154.2,154.5284,156.915,155.74,162.845,161.705,158.26,159.08,156.98,156.47,159.175,163.585,163.16,164.92,164.56,166.51,171.195,170.58,170.035,170.735,172.89,172.06,175.555,169.025,171.63,171.21,166.6525,169.91,169.7962,171.25,169.65,171.88,171.83,172.23,171.78,174.89,174.875,173.38,164.0796,162.13,159.575,155.11
"REGN",750.02,753.03,754.87,750.22,753.825,754.1754,747.05,758.02,775.64,795.215,764.855,769.705,767.5,736.0,734.52,736.37,740.795,698.3,707.19,710.89,706.75,706.75,716.87,716.4192,703.234,709.9622,719.4,717.09,726.68,731.62,728.0,733.59,696.88,680.45,703.02,702.55,700.55,699.78,681.58,686.01,695.96,679.9024,689.315,683.41,689.305,682.415,678.58,664.35,681.68,725.83,729.195,725.27,714.58,676.93,668.87,668.3401,681.06,673.6,682.515,682.9,692.34,696.095,712.8,734.55,716.35,697.555
"ROP",557.94,561.89,564.35,566.44,563.73,562.56,569.61,558.4,553.93,549.27,545.32,552.505,549.865,544.82,543.59,543.0,535.535,525.81,521.815,523.64,525.24,525.24,527.55,527.31,514.715,520.74,524.0,513.75,511.92,511.21,506.995,510.3,502.71,501.66,507.69,515.12,518.85,520.505,522.32,529.97,534.665,530.05,535.445,543.18,547.94,582.51,575.2869,571.175,575.2,573.9,579.825,583.45,572.94,574.34,570.29,568.955,575.42,573.58,572.29,572.22,576.885,574.84,573.68,582.57,577.565,577.865
"ROST",152.52,154.38,154.89,154.87,155.31,154.005,155.26,156.305,157.635,158.2386,155.29,155.94,154.005,153.18,151.88,150.125,151.88,148.41,148.68,147.82,148.9,148.9,151.25,153.695,150.45,152.265,154.41,152.6,155.925,154.48,151.08,154.63,151.74,148.305,151.035,149.88,148.88,151.205,149.15,147.645,147.5725,149.06,148.125,145.895,150.275,151.875,153.49,146.22,147.055,146.18,148.735,142.735,141.7104,140.6,139.06,139.425,139.955,138.76,137.77,138.66,139.1975,138.19,135.945,137.62,138.72,140.27
"SBUX",101.98,100.68,101.51,102.46,100.99,100.685,100.55,100.16,99.105,99.47,98.4325,98.625,98.17,97.425,95.135,93.515,91.942,89.63,88.265,87.31,88.12,88.12,90.53,92.85,90.12,91.35,92.4,92.18,93.37,92.62,92.285,92.6,92.25,92.26,94.68,93.77,93.04,95.645,95.13,97.64,97.68,97.6,99.025,99.695,105.62,109.34,108.68,105.96,108.695,110.63,111.76,111.01,111.5522,111.16,111.065,112.125,112.69,112.55,111.8113,112.885,112.74,114.185,112.33,113.39,114.11,115.0
"SMCI",37.8017,35.3,35.07,32.64,36.74,44.275,40.48,42.634,43.3097,45.78,41.85,37.7119,38.835,36.945,34.4382,34.14,33.25,30.93,32.3225,"","","","","","","","","","","","","","","","","","","","","","","","","","","","","","","","","","","","","","","","","","","","","","",""
"SNPS",561.0,553.95,547.74,558.49,561.38,567.44,580.54,527.69,526.725,514.75,497.8655,512.5,512.305,514.52,512.959,519.24,513.09,497.31,493.97,495.06,495.35,495.35,495.24,492.68,479.98,487.2,490.79,488.25,506.1988,496.995,493.66,502.0,492.54,490.59,489.09,506.12,511.955,524.74,526.7,530.135,542.855,539.92,520.76,512.895,517.62,521.62,526.67,512.8,517.25,517.0,533.33,538.82,533.74,528.05,513.18,511.32,524.6,522.53,517.82,500.6125,498.985,488.89,471.84,464.29,463.88,458.085
"TEAM",263.1,262.15,262.46,263.58,265.58,267.46,281.52,280.02,278.48,276.86,275.04,270.89,277.055,275.875,277.23,275.21,263.395,250.68,253.805,253.45,252.58,252.58,255.09,250.82,243.71,246.25,245.38,244.35,257.09,253.0,242.2,244.49,242.39,238.99,238.695,252.38,253.565,253.69,252.36,252.37,260.06,261.4795,267.41,273.0,267.035,269.12,314.6933,313.17,318.57,315.99,321.5975,318.255,317.6975,319.42,313.055,318.58,311.67,313.1,314.88,312.33,295.06,291.9,278.555,279.995,285.73,276.285
"TMUS",240.85,245.791,246.2,246.94,245.585,244.15,243.575,243.72,244.9,235.9499,233.14,234.495,232.1958,231.25,231.45,227.3,222.34,219.265,219.805,218.76,222.77,222.77,223.95,223.7,221.04,221.29,220.95,219.91,210.93,214.555,212.645,215.52,211.3,213.86,214.385,216.92,215.6,218.26,218.97,220.035,218.87,218.01,221.295,222.795,240.38,240.42,233.65,233.3,238.445,240.59,244.56,249.14,252.094,254.67,258.545,257.34,266.8399,270.815,266.25,263.71,264.64,265.1,271.675,271.77,264.96,266.2
"TSLA",340.06,340.2,332.89,345.16,356.06,350.889,351.08,371.6725,374.16,385.82,405.04,404.3,420.3293,424.09,437.21,482.09,476.355,441.51,434.4126,427.36,449.34,449.34,456.73,439.94,417.6601,421.475,388.15,389.455,418.86,407.72,397.7466,394.94,394.74,387.5186,411.8838,415.34,416.615,425.3187,426.5,412.35,418.2,413.23,403.66,391.8561,393.33,389.16,414.23,381.57,388.2982,385.4,367.32,376.41,355.68,344.4275,334.42,347.76,353.1499,355.84,357.5012,363.71,350.93,352.4,328.85,313.54,284.34,281.64
"TTD",128.8,128.98,128.15,128.55,132.0,136.4913,140.15,137.835,138.395,133.2,136.68,134.1349,133.665,133.225,132.4,132.63,134.72,126.46,125.55,123.56,122.24,122.24,122.77,121.5,118.77,118.505,118.77,120.2201,125.5225,123.63,121.54,121.52,118.8,119.255,117.9,119.71,121.02,123.78,124.42,123.73,121.83,117.595,119.845,119.45,119.61,123.5,120.335,116.71,114.945,113.78,116.06,116.8125,122.38,119.99,119.8862,83.995,82.0117,80.16,78.725,78.58,75.0096,74.51,71.45,74.85,71.48,72.16
"TTWO",183.53,187.42,185.56,188.38,188.13,187.58,187.63,190.005,190.11,189.38,188.07,187.89,190.22,186.71,187.055,186.71,187.28,181.56,181.54,181.84,184.23,184.23,185.0,186.35,182.515,184.83,184.16,186.13,191.56,184.03,180.515,183.74,178.61,179.23,179.01,183.3,181.535,185.86,186.41,186.8,185.02,181.52,188.55,186.31,188.53,192.26,188.9206,183.36,185.98,183.22,183.2952,207.975,211.58,211.0,208.4,209.07,211.26,208.76,213.43,214.2,210.53,214.88,210.03,208.445,208.835,207.99
"TXN",207.1267,200.95,199.19,201.03,199.775,198.37,196.9,195.55,194.2,196.5599,192.09,191.835,190.695,190.02,191.485,189.39,191.11,185.47,185.255,188.0,190.69,190.69,191.72,190.885,187.67,187.52,189.05,187.97,192.59,193.9,189.41,191.66,190.15,189.17,190.23,197.06,189.41,190.905,192.42,193.195,198.25,196.63,185.365,182.65,180.945,183.085,187.1063,179.225,180.5,178.63,181.8445,181.9,180.57,181.29,177.305,180.3,182.785,183.03,183.71,189.55,200.455,204.035,201.68,201.69,196.12,193.77
"VRSK",291.49,294.6,294.56,294.21,292.18,287.34,291.18,288.98,287.565,283.43,284.71,288.4,285.192,282.81,282.31,281.815,278.75,275.64,275.67,274.42,276.55,276.55,278.21,278.15,273.83,276.47,276.95,274.52,274.42,273.25,274.305,280.42,268.63,269.675,272.88,274.865,274.94,279.28,278.55,280.04,280.9,277.815,281.62,283.05,282.865,285.84,287.74,284.68,290.8,289.285,290.45,296.23,292.27,292.025,290.855,294.755,295.51,293.48,294.32,294.09,292.19,294.35,297.075,298.6659,290.79,292.88
"VRTX",464.04,467.07,464.56,468.13,467.18,461.8,454.93,466.25,464.5499,471.925,467.17,467.985,466.11,462.37,463.7775,472.755,466.54,391.58,392.23,394.3,405.55,405.55,408.75,408.62,401.99,402.5301,408.19,407.01,401.49,409.1,407.79,412.11,409.56,401.09,411.5,419.84,418.89,422.17,422.0,425.17,428.38,427.3,438.285,440.72,436.72,443.47,464.575,462.16,471.555,488.06,487.045,477.29,468.43,460.605,450.86,453.29,463.2201,459.0,460.15,467.0,475.8,480.96,484.935,485.47,485.25,476.15
"WBD",10.365,10.2,10.38,10.48,10.36,10.425,10.57,10.7401,10.775,11.075,10.945,10.85,12.33,12.48,12.06,11.37,11.25,10.435,10.61,10.54,10.42,10.42,10.5,10.615,10.3323,10.695,10.75,10.485,10.675,10.755,10.065,10.06,9.7,9.815,9.805,9.91,9.625,9.665,9.52,9.775,9.765,10.07,10.395,10.175,10.5757,10.45,10.71,10.04,10.24,10.0,10.1661,10.212,10.0693,9.885,9.755,9.8251,10.2301,10.34,10.37,10.625,10.815,11.105,10.735,10.995,11.32,10.9799
"WDAY",268.65,241.25,253.4,249.99,250.1,257.545,266.17,266.35,267.2,281.5,274.3557,273.815,271.23,274.07,271.23,278.2,278.27,267.73,267.44,266.84,265.48,265.48,267.33,267.295,259.575,260.665,257.83,253.37,254.16,252.34,253.745,254.69,249.71,245.935,246.575,249.53,249.99,251.76,249.64,248.3,256.78,250.675,264.255,267.525,265.62,262.14,264.14,257.415,258.28,265.99,276.795,278.57,273.9689,265.6,257.58,257.3775,260.52,258.05,261.08,257.275,259.605,257.65,253.66,256.245,266.09,264.48
"XEL",71.81,71.87,72.92,72.56,71.75,71.545,70.69,71.04,69.96,69.13,68.58,68.795,68.61,67.93,67.97,68.285,67.825,66.99,66.83,66.85,67.89,67.89,68.19,68.427,67.56,67.98,67.21,66.7,65.93,66.43,65.24,66.39,63.37,63.5,63.62,65.36,65.2199,66.39,66.72,67.775,67.38,66.85,67.2,66.84,66.7204,66.68,66.71,66.58,67.11,67.52,66.41,67.61,66.45,66.32,66.44,67.635,69.31,68.61,68.73,69.195,69.08,69.66,70.73,70.525,70.475,71.83
"ZS",211.28,208.99,204.96,206.59,210.28,201.46,200.415,205.42,209.96,209.55,206.33,204.99,207.74,204.21,201.405,199.78,193.26,183.5215,185.21,186.08,185.82,185.82,186.98,184.21,180.6893,182.865,183.365,184.22,187.655,188.43,184.44,187.28,189.98,187.82,185.43,188.34,189.41,189.43,187.58,189.3625,191.79,190.19,195.71,195.0,201.715,203.73,204.625,199.1652,200.545,202.5,204.0,208.49,208.87,208.62,208.145,210.31,213.08,212.7,216.07,212.34,204.325,204.15,193.34,192.99,194.51,192.76
